method,samples,top1_accuracy,top3_accuracy,macro_f1,min_class_recall,gpu_status
PhysicsOnly,300,0.41,0.8333333333333334,0.40487741745686173,0.2,
RandomForest,300,0.8133333333333334,1.0,0.8082200330147913,0.3,
ExtraTrees,300,0.8033333333333333,1.0,0.7996880699334391,0.36666666666666664,
HistGradientBoosting,300,0.7833333333333333,0.9866666666666667,0.784296505909406,0.5,
HierarchicalExtraTrees,300,0.81,1.0,0.8044551208277333,0.36666666666666664,
XGBoostGPU,300,0.7833333333333333,0.9933333333333333,0.7830446915433973,0.43333333333333335,cuda_requested
