method,samples,top1_accuracy,top3_accuracy,macro_f1,min_class_recall,gpu_status
PhysicsOnly,150,0.43333333333333335,0.8133333333333334,0.4208762718193486,0.13333333333333333,
RandomForest,150,0.84,1.0,0.8375321813075363,0.3333333333333333,
ExtraTrees,150,0.8533333333333334,1.0,0.8442076675154364,0.2,
HistGradientBoosting,150,0.84,0.9866666666666667,0.838382967915782,0.3333333333333333,
HierarchicalExtraTrees,150,0.8533333333333334,1.0,0.8442076675154364,0.2,
XGBoostGPU,150,0.84,1.0,0.8370520609452756,0.3333333333333333,cuda_requested
