method,samples,top1_accuracy,top3_accuracy,macro_f1,min_class_recall,gpu_status
PhysicsOnly,600,0.39666666666666667,0.8,0.3907199712261306,0.16666666666666666,
RandomForest,600,0.7133333333333334,0.975,0.711836011400514,0.36666666666666664,
ExtraTrees,600,0.725,0.975,0.719372818742562,0.26666666666666666,
HistGradientBoosting,600,0.695,0.9816666666666667,0.6927471026012626,0.35,
HierarchicalExtraTrees,600,0.7166666666666667,0.975,0.7111379966608071,0.23333333333333334,
XGBoostGPU,600,0.7116666666666667,0.9816666666666667,0.7096387599440893,0.38333333333333336,cuda_requested
