split,material,support,recall
test,Quartz,60,0.6666666666666666
test,Calcite,60,1.0
test,Orthoclase,60,0.8166666666666667
test,Albite,60,0.7
test,Dolomite,60,0.8666666666666667
test,Pyrite,60,0.7166666666666667
test,Hematite,60,0.31666666666666665
test,Magnetite,60,0.4666666666666667
test,Chalcopyrite,60,0.6666666666666666
test,Galena,60,1.0
