method,samples,top1_accuracy,top3_accuracy,macro_f1,min_class_recall,gpu_status
PhysicsOnly,60,0.43333333333333335,0.8,0.4226642475171888,0.0,
RandomForest,60,0.8,1.0,0.7997723844782668,0.5,
ExtraTrees,60,0.8666666666666667,1.0,0.8627505827505828,0.5,
HistGradientBoosting,60,0.7833333333333333,0.9666666666666667,0.7889277389277389,0.5,
HierarchicalExtraTrees,60,0.85,1.0,0.8466666666666667,0.5,
XGBoostGPU,60,0.8,0.95,0.7991608391608392,0.5,cuda_requested
