group_label,split,primary_transmission_rate_count,primary_transmission_rate_mean,primary_transmission_rate_std,primary_transmission_rate_min,primary_transmission_rate_max,mean_detector_edep_keV_count,mean_detector_edep_keV_mean,mean_detector_edep_keV_std,mean_detector_edep_keV_min,mean_detector_edep_keV_max,detector_gamma_rate_count,detector_gamma_rate_mean,detector_gamma_rate_std,detector_gamma_rate_min,detector_gamma_rate_max
high_absorption,test,125,0.03248,0.025037262552624093,0.0,0.1,125,0.21286739408,0.4630738147923695,0.0,2.5662096500000002,125,0.03248,0.025037262552624093,0.0,0.1
high_absorption,train,125,0.03248,0.02298863674415772,0.0,0.09,125,0.20466218288,0.34655256243936244,0.0,1.35,125,0.03248,0.02298863674415772,0.0,0.09
low_absorption,test,125,0.31256,0.07554003424803003,0.15,0.5,125,3.5237123707999998,1.46378934737604,0.0,7.53612405,125,0.31256,0.07554003424803003,0.15,0.5
low_absorption,train,125,0.31656,0.06626077514322214,0.16,0.48,125,3.5827630369600003,1.706830700986702,0.35605668,8.867688809999999,125,0.31656,0.06626077514322214,0.16,0.48
