split,material,support,recall
test,Quartz,300,0.30666666666666664
test,Calcite,300,0.96
test,Orthoclase,300,0.13666666666666666
test,Albite,300,0.056666666666666664
test,Dolomite,300,0.04666666666666667
test,Pyrite,300,0.34
test,Hematite,300,0.10333333333333333
test,Magnetite,300,0.0
test,Chalcopyrite,300,0.8633333333333333
test,Galena,300,1.0
